code,parent_code,preferred_label,scope_note,examples,notes
CAT,,Public Catalogue Modules,Recommended website-facing discovery modules built on the underlying faceted taxonomy.,,"Navigation/views, not exclusive ontology classes."
CAT.AD,CAT,"Advertising, Graphic Design & Promotion","Advertising campaigns, packaging graphics, menu design, trade cards, signs, promotional objects, mascots, and brand identity.",,
CAT.AGRI,CAT,Agriculture & Production,"Farms, crops, breeds, equipment, primary production, and processing.",,
CAT.ARCH,CAT,Archaeology & Ancient Foodways,"Specimens, contexts, analyses, ancient food remains, and artifacts.",,
CAT.BEV,CAT,Beverages & Cocktails,"Beverage concepts, formulas, brands, menus, and vessels.",,
CAT.BOOK,CAT,Cookbooks & Food Books,"Works, editions, issues, copies, recipes, and provenance.",,
CAT.BUILT,CAT,Built Environment & Food Landscapes,"Kitchens, restaurants, markets, factories, farms, food infrastructure, interiors, architecture, and spatial food-history research.",,
CAT.COL,CAT,Collections & Collecting,"Collections, provenance, collector specialties, auctions, and market history.",,
CAT.DATA,CAT,Datasets & Quantitative History,"Prices, menu items, production, trade, consumption, nutrition, and sales.",,
CAT.DISH,CAT,Dishes & Prepared Foods,"Dish pages, variants, timelines, occurrences, and origin claims.",,
CAT.EPH,CAT,Ephemera & Advertising,"Pamphlets, ads, trade cards, postcards, matchcovers, labels, and disposable print.",,
CAT.EVENT,CAT,Events & Occasions,"Banquets, fairs, festivals, competitions, state dinners, crises, and launches.",,
CAT.HERIT,CAT,Foodways & Intangible Heritage,"Practices, skills, rituals, oral histories, and living traditions.",,
CAT.ING,CAT,"Ingredients, Species, Cultivars & Breeds","Food sources, ingredient histories, biological authorities.",,
CAT.LAW,CAT,"Law, Policy & Standards","Food laws, regulation, inspection, rationing, standards, certification, patents, trademarks, and public feeding programs.",,
CAT.MEDIA,CAT,"Photography, Art, Audio, Film & Digital Culture","Visual, audiovisual, and born-digital food-history resources.",,
CAT.MENU,CAT,Menus,Digitized and transcribed menus plus menu-item datasets.,,
CAT.OBJECT,CAT,"Objects, Equipment & Kitchenalia","Tools, appliances, processing equipment, retail equipment, and fixtures.",,
CAT.ORG,CAT,"Food Businesses, Brands & Institutions","Food and beverage companies, manufacturers, farms, retailers, institutions, associations, brands, and public bodies.",,
CAT.PACK,CAT,"Packaging, Brands & Products","Commercial products, packages, variants, labels, barcodes, and design.",,
CAT.PEOPLE,CAT,People & Households,"Chefs, authors, workers, collectors, producers, and ordinary households.",,
CAT.PLACE,CAT,Places & Food Geography,"Places, buildings, culinary regions, maps, and historic addresses.",,
CAT.RECIPE,CAT,Recipes & Formulations,"Recipe texts, variants, version histories, and source occurrences.",,
CAT.RESEARCH,CAT,"Claims, Evidence & Open Research Questions","Origin claims, earliest occurrences, unresolved questions, and evidence chains.",,
CAT.REST,CAT,Restaurants & Foodservice Establishments,"Restaurants, cafés, bars, diners, cafeterias, hotels, caterers, concessions, mobile vendors, and institutional foodservice operations.",,
CAT.TABLE,CAT,Tableware & Restaurant Ware,"China, glass, silver, patterns, manufacturers, users, and marks.",,
