code,parent_code,preferred_label,scope_note,examples,notes
CTX,,Contexts,"Circumstances of use, service, institution, occasion, audience, transport, or economy.",,Use alongside object/resource type; contexts are non-exclusive.
CTX.AUD,CTX,Audience / Consumer Group,Intended or documented consumer group when historically relevant.,,
CTX.AUD.ATH,CTX.AUD,Athletes,Audience or consumer-group context representing athletes.,,
CTX.AUD.CHILD,CTX.AUD,Children,Audience or consumer-group context representing children.,,
CTX.AUD.ELITE,CTX.AUD,Elite / Royal / Diplomatic Guests,Audience or consumer-group context representing elite / royal / diplomatic guests.,,
CTX.AUD.INF,CTX.AUD,Infants,Audience or consumer-group context representing infants.,,
CTX.AUD.MIL,CTX.AUD,Military Personnel,Audience or consumer-group context representing military personnel.,,
CTX.AUD.PAT,CTX.AUD,Patients,Audience or consumer-group context representing patients.,,
CTX.AUD.PRIS,CTX.AUD,Prisoners / Detainees,Audience or consumer-group context representing prisoners / detainees.,,
CTX.AUD.REL,CTX.AUD,Religious Observers,Audience or consumer-group context representing religious observers.,,
CTX.AUD.STUD,CTX.AUD,Students,Audience or consumer-group context representing students.,,
CTX.AUD.TRAV,CTX.AUD,Travelers / Passengers,Audience or consumer-group context representing travelers / passengers.,,
CTX.AUD.WORK,CTX.AUD,Workers,Audience or consumer-group context representing workers.,,
CTX.ECON,CTX,Economic / Distribution Context,Mode through which food is produced or exchanged.,,
CTX.ECON.AID,CTX.ECON,Aid / Relief Distribution,Economic or distribution context representing aid / relief distribution.,,
CTX.ECON.BART,CTX.ECON,Barter / Gift Exchange,Economic or distribution context representing barter / gift exchange.,,
CTX.ECON.BLACK,CTX.ECON,Black Market / Illicit Distribution,Economic or distribution context representing black market / illicit distribution.,,
CTX.ECON.COOP,CTX.ECON,Cooperative / Mutual Distribution,"Member-owned, communal, cooperative, or mutually organized food production, purchasing, or distribution.",,
CTX.ECON.INFORM,CTX.ECON,Informal Economy,Economic or distribution context representing informal economy.,,
CTX.ECON.MARK,CTX.ECON,Commercial Market,Economic or distribution context representing commercial market.,,
CTX.ECON.RATION,CTX.ECON,Rationed / Controlled Distribution,Economic or distribution context representing rationed / controlled distribution.,,
CTX.ECON.SUBS,CTX.ECON,Subsistence / Household Production,Economic or distribution context representing subsistence / household production.,,
CTX.EST,CTX,Foodservice Establishment Type,Operational form of a foodservice establishment.,,
CTX.EST.AUT,CTX.EST,Automat,Foodservice establishment context representing automat.,,
CTX.EST.BAK,CTX.EST,Bakery / Patisserie with Service,Foodservice establishment context representing bakery / patisserie with service.,,
CTX.EST.BANQ,CTX.EST,Banquet Hall / Event Venue,Foodservice establishment context representing banquet hall / event venue.,,
CTX.EST.BAR,CTX.EST,Bar / Lounge / Cocktail Bar,Foodservice establishment context representing bar / lounge / cocktail bar.,,
CTX.EST.BREW,CTX.EST,Brewpub / Taproom,Foodservice or drinking establishment integrated with a brewery or brewery taproom.,,
CTX.EST.CAFE,CTX.EST,Café / Coffeehouse,Foodservice establishment context representing café / coffeehouse.,,
CTX.EST.CAFET,CTX.EST,Cafeteria,Foodservice establishment context representing cafeteria.,,
CTX.EST.CANTEEN,CTX.EST,Canteen / Commissary Dining Facility,"Foodservice facility serving a defined workplace, institution, camp, or membership population.",,
CTX.EST.CAT,CTX.EST,Caterer,Foodservice establishment context representing caterer.,,
CTX.EST.CLUB,CTX.EST,Nightclub / Supper Club,Foodservice establishment context representing nightclub / supper club.,,
CTX.EST.COMM,CTX.EST,Community Kitchen / Cooperative Foodspace,"Shared, cooperative, charitable, incubator, or community-operated kitchen/foodservice space.",,
CTX.EST.DELI,CTX.EST,Delicatessen,Foodservice establishment context representing delicatessen.,,
CTX.EST.DEPT,CTX.EST,Department-Store Restaurant / Tea Room,Foodservice establishment context representing department-store restaurant / tea room.,,
CTX.EST.DINER,CTX.EST,Diner,Foodservice establishment context representing diner.,,
CTX.EST.DRIVE,CTX.EST,Drive-In / Drive-Through,Foodservice establishment context representing drive-in / drive-through.,,
CTX.EST.FINE,CTX.EST,Fine-Dining Restaurant,Foodservice establishment context representing fine-dining restaurant.,,
CTX.EST.GHOST,CTX.EST,Delivery-Only / Ghost Kitchen,Foodservice establishment context representing delivery-only / ghost kitchen.,,
CTX.EST.HALL,CTX.EST,Food Hall,Foodservice establishment context representing food hall.,,
CTX.EST.HOTEL,CTX.EST,Hotel / Resort Restaurant,Foodservice establishment context representing hotel / resort restaurant.,,
CTX.EST.ICE,CTX.EST,Ice-Cream Parlor,Foodservice establishment context representing ice-cream parlor.,,
CTX.EST.LUNCH,CTX.EST,Lunch Counter / Quick Lunch,Foodservice establishment context representing lunch counter / quick lunch.,,
CTX.EST.POP,CTX.EST,Pop-Up / Temporary Restaurant,"Temporary, event-limited, residency-based, or otherwise short-duration foodservice establishment.",,
CTX.EST.QSR,CTX.EST,Fast Food / Quick Service,Foodservice establishment context representing fast food / quick service.,,
CTX.EST.REST,CTX.EST,Restaurant,Foodservice establishment context representing restaurant.,,
CTX.EST.SODA,CTX.EST,Soda Fountain,Foodservice establishment context representing soda fountain.,,
CTX.EST.STREET,CTX.EST,Street Stall / Cart / Hawker,Foodservice establishment context representing street stall / cart / hawker.,,
CTX.EST.TAV,CTX.EST,Tavern / Pub / Saloon,Foodservice establishment context representing tavern / pub / saloon.,,
CTX.EST.TEA,CTX.EST,Tea Room,Foodservice establishment context representing tea room.,,
CTX.EST.TRUCK,CTX.EST,Food Truck / Mobile Kitchen,Foodservice establishment context representing food truck / mobile kitchen.,,
CTX.INST,CTX,Institutional Feeding Type,Specific institutional dining and feeding contexts.,,
CTX.INST.CARE,CTX.INST,Elder / Long-Term Care,Institutional feeding context representing elder / long-term care.,,
CTX.INST.HOSP,CTX.INST,Hospital / Sanatorium,Institutional feeding context representing hospital / sanatorium.,,
CTX.INST.MIL,CTX.INST,Military Mess / Field Feeding,Institutional feeding context representing military mess / field feeding.,,
CTX.INST.MON,CTX.INST,Monastery / Convent / Religious Institution,Institutional feeding context representing monastery / convent / religious institution.,,
CTX.INST.ORPH,CTX.INST,Orphanage / Children's Institution,Institutional feeding context representing orphanage / children's institution.,,
CTX.INST.PRIS,CTX.INST,Prison / Jail,Institutional feeding context representing prison / jail.,,
CTX.INST.REFUGEE,CTX.INST,Refugee / Displacement Camp,Institutional feeding context representing refugee / displacement camp.,,
CTX.INST.RELIEF,CTX.INST,Soup Kitchen / Relief Feeding,Institutional feeding context representing soup kitchen / relief feeding.,,
CTX.INST.SCHOOL,CTX.INST,School,Institutional feeding context representing school.,,
CTX.INST.UNIV,CTX.INST,College / University,Institutional feeding context representing college / university.,,
CTX.INST.WORK,CTX.INST,Workplace / Factory Canteen,Institutional feeding context representing workplace / factory canteen.,,
CTX.OCC,CTX,Occasion / Meal Context,"Occasion for which food, document, or object was used.",,
CTX.OCC.BANQ,CTX.OCC,Banquet / Feast,"Meal, event, or occasion context representing banquet / feast.",,
CTX.OCC.BBQ,CTX.OCC,Barbecue / Cookout,"Meal, event, or occasion context representing barbecue / cookout.",,
CTX.OCC.BFAST,CTX.OCC,Breakfast,"Meal, event, or occasion context representing breakfast.",,
CTX.OCC.BIRTH,CTX.OCC,Birthday / Anniversary,"Meal, event, or occasion context representing birthday / anniversary.",,
CTX.OCC.BRUNCH,CTX.OCC,Brunch,"Meal, event, or occasion context representing brunch.",,
CTX.OCC.COMP,CTX.OCC,Competition / Contest,"Meal, event, or occasion context representing competition / contest.",,
CTX.OCC.CONV,CTX.OCC,Convention / Conference,"Meal, event, or occasion context representing convention / conference.",,
CTX.OCC.CORP,CTX.OCC,Company / Association / Fraternal Meal,"Organizational banquet, club dinner, association meal, employee dinner, or fraternal occasion.",,
CTX.OCC.DIN,CTX.OCC,Dinner,"Meal, event, or occasion context representing dinner.",,
CTX.OCC.EVERY,CTX.OCC,Everyday / Routine,"Meal, event, or occasion context representing everyday / routine.",,
CTX.OCC.EXPO,CTX.OCC,World's Fair / Exposition,"Meal, event, or occasion context representing world's fair / exposition.",,
CTX.OCC.FEST,CTX.OCC,Festival / Fair,"Meal, event, or occasion context representing festival / fair.",,
CTX.OCC.FUN,CTX.OCC,Funeral / Memorial,"Meal, event, or occasion context representing funeral / memorial.",,
CTX.OCC.FUND,CTX.OCC,Fundraiser / Benefit Meal,"Meal, bake sale, supper, banquet, or tasting organized to raise money or support a cause.",,
CTX.OCC.HOL,CTX.OCC,Holiday,"Meal, event, or occasion context representing holiday.",,
CTX.OCC.LAUNCH,CTX.OCC,Opening / Product Launch,"Meal, event, or occasion context representing opening / product launch.",,
CTX.OCC.LUNCH,CTX.OCC,Lunch / Luncheon,"Meal, event, or occasion context representing lunch / luncheon.",,
CTX.OCC.PICNIC,CTX.OCC,Picnic / Outing,"Meal, event, or occasion context representing picnic / outing.",,
CTX.OCC.REL,CTX.OCC,Religious Observance,"Meal, event, or occasion context representing religious observance.",,
CTX.OCC.ROYAL,CTX.OCC,Royal / Court Occasion,"Meal, event, or occasion context representing royal / court occasion.",,
CTX.OCC.SPORT,CTX.OCC,Sporting Event,"Meal, event, or occasion context representing sporting event.",,
CTX.OCC.STATE,CTX.OCC,State / Diplomatic Dinner,"Meal, event, or occasion context representing state / diplomatic dinner.",,
CTX.OCC.SUP,CTX.OCC,Supper,"Meal, event, or occasion context representing supper.",,
CTX.OCC.TASTE,CTX.OCC,Tasting / Sampling Event,"Structured tasting, sampling, judging, pairing, or product demonstration occasion.",,
CTX.OCC.TEA,CTX.OCC,Tea,"Meal, event, or occasion context representing tea.",,
CTX.OCC.WED,CTX.OCC,Wedding,"Meal, event, or occasion context representing wedding.",,
CTX.SET,CTX,Setting / Institutional Context,Where or under what institutional system the activity occurs.,,
CTX.SET.ARCH,CTX.SET,Archaeological / Excavated,Setting or institutional context associated with archaeological / excavated.,,
CTX.SET.COMM,CTX.SET,Commercial,Setting or institutional context associated with commercial.,,
CTX.SET.CORR,CTX.SET,Correctional,Setting or institutional context associated with correctional.,,
CTX.SET.DOM,CTX.SET,Domestic / Household,Setting or institutional context associated with domestic / household.,,
CTX.SET.EDU,CTX.SET,Educational,Setting or institutional context associated with educational.,,
CTX.SET.ENT,CTX.SET,Entertainment / Recreation,Setting or institutional context associated with entertainment / recreation.,,
CTX.SET.GOV,CTX.SET,Government / Civic,Setting or institutional context associated with government / civic.,,
CTX.SET.HEAL,CTX.SET,Healthcare,Setting or institutional context associated with healthcare.,,
CTX.SET.MIL,CTX.SET,Military,Setting or institutional context associated with military.,,
CTX.SET.OUT,CTX.SET,Outdoor / Field,Setting or institutional context associated with outdoor / field.,,
CTX.SET.REL,CTX.SET,Religious / Monastic,Setting or institutional context associated with religious / monastic.,,
CTX.SET.RELIEF,CTX.SET,Charitable / Relief,Setting or institutional context associated with charitable / relief.,,
CTX.SET.ROYAL,CTX.SET,Royal / Diplomatic / State,Setting or institutional context associated with royal / diplomatic / state.,,
CTX.SET.TRANS,CTX.SET,Transportation / Travel,Setting or institutional context associated with transportation / travel.,,
CTX.SET.WORK,CTX.SET,Workplace / Industrial,Setting or institutional context associated with workplace / industrial.,,
CTX.TRANS,CTX,Transportation Mode,Travel mode associated with foodservice or provisioning.,,
CTX.TRANS.AIR,CTX.TRANS,Aviation,Transportation or travel context representing aviation.,,
CTX.TRANS.BUS,CTX.TRANS,Bus / Coach,Transportation or travel context representing bus / coach.,,
CTX.TRANS.EXP,CTX.TRANS,Expedition / Exploration,Transportation or travel context representing expedition / exploration.,,
CTX.TRANS.RAIL,CTX.TRANS,Rail,Transportation or travel context representing rail.,,
CTX.TRANS.ROAD,CTX.TRANS,Automobile / Highway,Transportation or transport context representing automobile / highway.,,
CTX.TRANS.SHIP,CTX.TRANS,Maritime / Ship,Transportation or travel context representing maritime / ship.,,
CTX.TRANS.SPACE,CTX.TRANS,Spaceflight,Transportation or transport context representing spaceflight.,,
